{"stats":{"minecraft:crafted":{"minecraft:oak_planks":4,"minecraft:dark_oak_door":3,"croptopia:flour":1,"minecraft:chest":4,"minecraft:emerald":3,"minecraft:crafting_table":1,"minecraft:hay_block":51,"minecraft:birch_planks":36,"minecraft:dark_oak_slab":6,"minecraft:paper":1,"minecraft:shield":1,"minecraft:stick":8,"minecraft:iron_ingot":1,"comforts:sleeping_bag_white":1,"duneons:dungeonbarrel":1,"minecraft:furnace":1,"iwannaskate:skateboard_wheels_enderpearl":2,"minecraft:dark_oak_fence":3,"minecraft:leather":7,"iwannaskate:skateboard":1,"minecraft:dark_oak_planks":44,"iwannaskate:skateboard_deck":1,"minecraft:stone_axe":1,"minecraft:bread":2,"iwannaskate:skateboard_truck":2,"minecraft:white_bed":1,"minecraft:torch":8},"minecraft:mined":{"duneons:swampdirt":1,"orcz:orcamanita":1,"minecraft:mossy_stone_brick_slab":1,"minecraft:cave_vines_plant":21,"minecraft:grass_block":10,"duneons:inventorytable":1,"duneons:dungeonbarrel":2,"duneons:coinsstage_1":5,"minecraft:spawner":4,"duneons:charredgrassblock":1,"minecraft:iron_ore":6,"duneons:outpostbricks":2,"minecraft:cave_vines":41,"duneons:brickevil":1,"minecraft:birch_wall_sign":3,"duneons:urn_loot_big_red":1,"duneons:iceshoom":1,"duneons:swampgrassside":1,"minecraft:potted_brown_mushroom":1,"minecraft:blackstone":1,"duneons:loot_biggreen":1,"minecraft:powder_snow":1,"minecraft:torch":2,"minecraft:chest":1,"duneons:azure_crystal":1,"minecraft:oak_planks":1,"minecraft:wall_torch":3,"minecraft:seagrass":1,"minecraft:dark_oak_door":1,"duneons:highblockhallsdoor":1,"duneons:ravagergatewood_3":1,"minecraft:birch_log":16,"minecraft:wheat":110,"duneons:wood_stronghold":2,"minecraft:stone_brick_stairs":2,"minecraft:grass":16,"duneons:shopkeeperleather":1,"minecraft:oak_log":3,"duneons:andesitehighlandstone":1,"minecraft:dirt":10,"minecraft:tripwire_hook":1,"duneons:redstonedusts":1,"minecraft:netherrack":5,"minecraft:deepslate":1,"duneons:golden_barley":112,"duneons:highlandbars":3,"duneons:greenlongvase":1,"minecraft:dark_oak_log":11,"minecraft:cyan_stained_glass":4,"minecraft:ladder":1,"duneons:highlandtallgrass":2,"minecraft:spruce_leaves":5,"minecraft:hay_block":27,"duneons:anvilwithhammer":1,"minecraft:peony":1,"duneons:shieldmobspawner":1,"minecraft:mossy_stone_brick_stairs":1,"duneons:pattern":1,"minecraft:vine":19,"duneons:cobwebdig":5,"minecraft:stone":21,"minecraft:green_wool":1,"duneons:soggyswamobricks":4,"minecraft:stone_brick_slab":2,"duneons:coins":4,"duneons:bluevase":1,"minecraft:lectern":1,"minecraft:tall_grass":17,"minecraft:copper_ore":1,"minecraft:deepslate_gold_ore":1,"minecraft:pink_wall_banner":1,"minecraft:spruce_log":14,"minecraft:coal_ore":36,"minecraft:dark_oak_button":1,"minecraft:gravel":7,"minecraft:cracked_stone_bricks":1,"minecraft:stone_bricks":2,"duneons:coinsstage_2":2},"minecraft:used":{"minecraft:light_blue_stained_glass_pane":2,"minecraft:writable_book":4,"duneons:dungeonbarrel":3,"minecraft:red_sand":2,"duneons:lamppostdown":1,"minecraft:light_gray_stained_glass_pane":13,"moa_decor_bath:esp_nder":1,"duneons:ravagergatewood_3":2,"minecraft:chest":4,"minecraft:stone":156,"minecraft:iron_sword":156,"duneons:ravager_gatewood":1,"minecraft:quartz_stairs":33,"minecraft:bell":1,"lightmanscurrency:vending_machine_large":1,"yuushya:ceiling_vine_flowering":1,"moa_decor_bath:inodoro":4,"yuushya:oak_tall_door":1,"smallships:jungle_brigg":1,"duneons:outpostbricks":2,"minecraft:snowball":427,"minecraft:milk_bucket":1,"moa_decor_bath:portapapelhigienico":2,"minecraft:glass":4,"minecraft:bricks":32,"minecraft:quartz_pillar":9,"minecraft:quartz_slab":1,"yuushya:potted_cornflower":1,"minecraft:grass_block":1,"duneons:crystalblue":1,"minecraft:quartz_block":110,"luphieclutteredmod:luphie_antique_lamp":3,"minecraft:dark_oak_button":1,"minecraft:red_carpet":6,"minecraft:bow":66,"minecraft:written_book":1,"minecraft:furnace":1,"minecraft:acacia_fence":1,"lightmanscurrency:display_case":10,"yuushya:mounted_oak_sprout":1,"securitycraft:reinforced_stone_button":3,"minecraft:lime_glazed_terracotta":1,"minecraft:mossy_stone_bricks":1,"minecraft:brick_wall":2,"duneons:andesitehighlandstone":1,"minecraft:infested_stone":1,"duneons:housecarpet":3,"minecraft:jungle_fence":1,"minecraft:oak_planks":163,"minecraft:mossy_stone_brick_stairs":10,"fantasyfurniture:nordic/desk_left":1,"minecraft:redstone_block":2,"duneons:rapier":221,"minecraft:smooth_quartz_stairs":10,"moa_decor_bath:c_trojas":1,"duneons:strengthenironpickaxe":58,"duneons:brickevil":1,"fantasyfurniture:dunmer/bed_double":1,"cwsr:cyan_sword":1,"luphieclutteredmod:stainedglasslamp":1,"minecraft:end_stone":2,"moa_decor_bath:toallanaranjacolg":2,"minecraft:redstone_torch":3,"minecraft:sticky_piston":1,"waystones:waystone":5,"lightmanscurrency:atm":2,"duneons:tripleaxe":11,"moa_decor_bath:c_tverdes":1,"minecraft:stone_button":2,"minecraft:lectern":1,"minecraft:gravel":6,"minecraft:flowering_azalea_leaves":92,"moa_decor_bath:regadera":2,"minecraft:white_concrete":103,"minecraft:air":1,"duneons:rainbowcarpet":2,"minecraft:diorite_slab":11,"duneons:deserttemplebricksandwooden":5,"minecraft:iron_bars":1,"duneons:greenslightlayer_1_helmet":1,"moa_decor_bath:llavesderegadera":1,"securitycraft:keypad_chest":4,"minecraft:redstone":1,"securitycraft:keypad_door_item":1,"minecraft:torch":21,"duneons:redgoldvangardcarpet":3,"minecraft:dirt":33,"yuushya:modern_lamp_2":1,"minecraft:anvil":1,"duneons:highlandlampwood":1,"luphieclutteredmod:luphie_key":2,"minecraft:jungle_trapdoor":2,"moa_decor_lights:vt_nacacia":1,"minecraft:warped_pressure_plate":2,"minecraft:birch_door":1,"minecraft:shroomlight":6,"yuushya:hanging_sakura_sprout":5,"yuushya:butterfly_magenta":1,"iwannaskate:skateboard":1,"minecraft:bookshelf":12,"moa_decor_art:pelgrito":33,"minecraft:light_gray_stained_glass":2,"minecraft:slime_block":2,"minecraft:brick_stairs":2,"minecraft:smooth_sandstone":10,"duneons:shopkeeperleather":1,"minecraft:smooth_quartz":3,"duneons:ravagergateiron":1,"luphieclutteredmod:luphie_lunar_observatory_books":1,"moa_decor_bath:bacaciasc":2,"moa_decor_bath:esp_nizq":1,"minecraft:gray_glazed_terracotta":4,"minecraft:minecart":2,"minecraft:acacia_wood":2,"comforts:sleeping_bag_white":6,"minecraft:water_bucket":19,"minecraft:birch_planks":5,"minecraft:glass_bottle":1,"minecraft:pink_banner":1,"minecraft:andesite_slab":1,"securitycraft:scanner_door_item":2,"luphieclutteredmod:luphie_darkwood_souther_flair_bed":3,"minecraft:crafting_table":1,"minecraft:birch_sign":3,"minecraft:white_bed":1,"minecraft:painting":3,"minecraft:dark_oak_door":2,"moa_decor_bath:esp_n":5,"minecraft:oak_log":8,"moa_decor_bath:mingitorio":2,"minecraft:light":2,"minecraft:apple":85,"minecraft:mangrove_pressure_plate":2,"minecraft:command_block":1,"moa_decor_bath:esp_ncent":1,"waystones:mossy_waystone":3,"minecraft:iron_pickaxe":101,"minecraft:stone_slab":2,"minecraft:acacia_fence_gate":3,"minecraft:stone_axe":25,"minecraft:pink_petals":57,"minecraft:blue_carpet":39,"minecraft:cobblestone":4,"minecraft:cooked_porkchop":1,"minecraft:bucket":18,"duneons:abyssal_doorcoloonexit_2":1,"yuushya:hanging_oak_sprout":1,"minecraft:smooth_stone":12,"moa_decor_bath:lavaboconpedestal":2,"minecraft:birch_stairs":1},"minecraft:custom":{"minecraft:interact_with_crafting_table":29,"minecraft:open_barrel":38,"minecraft:open_shulker_box":5,"minecraft:bell_ring":1,"minecraft:leave_game":17,"minecraft:time_since_death":106596,"minecraft:sprint_one_cm":843683,"minecraft:drop":14,"minecraft:talked_to_villager":97,"minecraft:play_time":857334,"minecraft:deaths":5,"minecraft:jump":3368,"minecraft:walk_on_water_one_cm":76884,"minecraft:interact_with_furnace":9,"minecraft:traded_with_villager":7,"minecraft:interact_with_cartography_table":2,"minecraft:sleep_in_bed":11,"minecraft:waystone_activated":9,"minecraft:open_enderchest":3,"minecraft:damage_dealt":6732,"minecraft:crouch_one_cm":6796,"minecraft:interact_with_smoker":11,"minecraft:use_cauldron":2,"minecraft:inspect_dispenser":2,"minecraft:horse_one_cm":3599,"minecraft:interact_with_smithing_table":2,"minecraft:mob_kills":51,"minecraft:interact_with_anvil":1,"minecraft:inspect_hopper":4,"minecraft:climb_one_cm":16050,"minecraft:walk_one_cm":4536912,"minecraft:target_hit":223,"minecraft:sneak_time":4567,"minecraft:walk_under_water_one_cm":110479,"minecraft:boat_one_cm":5422,"minecraft:interact_with_lectern":16,"minecraft:interact_with_blast_furnace":2,"minecraft:total_world_time":950005,"spartanshields:shield_bash_hits":2,"minecraft:time_since_rest":10562,"minecraft:damage_taken":3368,"minecraft:trigger_trapped_chest":24,"minecraft:minecart_one_cm":61965,"minecraft:swim_one_cm":24671,"minecraft:fly_one_cm":1724020,"minecraft:open_chest":182,"minecraft:aviate_one_cm":20333,"minecraft:fall_one_cm":50735},"minecraft:dropped":{"minecraft:glass_bottle":1,"minecraft:red_carpet":1,"minecraft:emerald":10,"relics:holy_locket":2,"minecraft:iron_pickaxe":1,"minecraft:emerald_block":1,"minecraft:chest":1,"lightmanscurrency:coin_emerald":2,"moa_decor_bath:c_tverdes":1,"minecraft:stick":1,"minecraft:bricks":1,"sophisticatedbackpacks:backpack":1,"minecraft:shroomlight":1},"minecraft:killed":{"minecraft:cave_spider":1,"minecraft:spider":6,"minecraft:skeleton":2,"minecraft:guardian":1,"minecraft:chicken":1,"minecraft:creeper":2,"duneons:mountaineer":3,"minecraft:sheep":13,"minecraft:pillager":4,"minecraft:zombie":8,"duneons:babykeyblue":1,"minecraft:drowned":3,"minecraft:wandering_trader":1,"sons_of_sins:betrayed_guzzler":1,"minecraft:wither_skeleton":3,"minecraft:villager":1},"minecraft:killed_by":{"minecraft:creeper":1,"sons_of_sins:betrayed_guzzler":1},"minecraft:picked_up":{"minecraft:wheat":593,"minecraft:prismarine_shard":1,"minecraft:flower_pot":1,"minecraft:lead":2,"minecraft:stone_brick_stairs":2,"duneons:highblockhallsdoor":1,"duneons:coin":67,"minecraft:string":4,"minecraft:raw_copper":3,"minecraft:shroomlight":1,"minecraft:red_sand":1,"minecraft:cobbled_deepslate":1,"comforts:sleeping_bag_white":6,"minecraft:azalea":2,"minecraft:iron_pickaxe":1,"minecraft:dark_oak_door":1,"minecraft:stick":13,"minecraft:torch":12,"duneons:greenlongvase":1,"minecraft:golden_chestplate":1,"minecraft:rotten_flesh":15,"duneons:inventorytable":1,"minecraft:green_wool":1,"duneons:darkoakwoodstronghold":5,"minecraft:cobblestone":21,"minecraft:birch_log":15,"minecraft:pink_petals":19,"duneons:crystalblue":1,"minecraft:feather":2,"relics:holy_locket":2,"minecraft:potato":2,"duneons:swampdirt":2,"minecraft:dirt":35,"minecraft:bone":3,"minecraft:bow":1,"minecraft:wheat_seeds":302,"minecraft:pink_banner":2,"minecraft:raw_gold":1,"duneons:iceshoom":1,"croptopia:bellpepper":1,"iwannaskate:skateboard":1,"minecraft:oak_planks":1,"minecraft:mossy_stone_brick_stairs":1,"duneons:anvilwithhammer":1,"minecraft:cooked_porkchop":1,"moa_decor_bath:c_tverdes":1,"minecraft:dark_oak_log":11,"sons_of_sins:flesh_of_demise":1,"minecraft:writable_book":1,"duneons:ravagergatewood_3":1,"duneons:rapier":1,"minecraft:golden_apple":1,"minecraft:bricks":1,"duneons:brickevil":1,"minecraft:coarse_dirt":4,"duneons:shopkeeperleather":1,"minecraft:chicken":1,"minecraft:ladder":1,"duneons:swamplog":1,"duneons:andesitehighlandstone":1,"minecraft:brown_mushroom":1,"duneons:outpostbricks":2,"minecraft:moss_carpet":2,"croptopia:bellpepper_seed":1,"minecraft:blue_orchid":4,"minecraft:poppy":1,"minecraft:lectern":1,"duneons:tripleaxe":1,"minecraft:chest":2,"minecraft:birch_sapling":5,"minecraft:spruce_trapdoor":1,"minecraft:egg":5,"minecraft:dark_oak_sapling":3,"minecraft:raw_iron":6,"minecraft:glow_item_frame":5,"sophisticatedbackpacks:backpack":1,"duneons:highlandbars":3,"minecraft:redstone":8,"duneons:dungeonbarrel":2,"minecraft:arrow":5,"minecraft:peony":1,"minecraft:hay_block":27,"minecraft:glow_berries":9,"minecraft:mutton":18,"minecraft:white_wool":13,"minecraft:tripwire_hook":1,"minecraft:filled_map":4,"minecraft:oak_log":3,"minecraft:gunpowder":3,"minecraft:paper":1,"duneons:charredgrassblock":1,"minecraft:red_carpet":1,"minecraft:apple":9,"minecraft:stone_bricks":2,"minecraft:iron_ingot":1,"duneons:swampfern":3,"minecraft:glass_bottle":1,"minecraft:flowering_azalea":8,"minecraft:stone_brick_slab":1,"minecraft:gravel":7,"orcz:orcamanita":1,"minecraft:spruce_sapling":4,"minecraft:spruce_log":14,"minecraft:mossy_stone_brick_slab":1,"minecraft:spider_eye":4,"duneons:wood_stronghold":2,"minecraft:firework_rocket":1,"croptopia:lemon":2,"minecraft:birch_sign":4,"duneons:cobwebdig":5,"minecraft:coal":40,"duneons:t_reedplanes":5}},"DataVersion":3465}