{"stats":{"minecraft:custom":{"minecraft:interact_with_crafting_table":31,"minecraft:open_barrel":39,"minecraft:open_shulker_box":9,"minecraft:bell_ring":2,"minecraft:leave_game":26,"minecraft:time_since_death":1895,"minecraft:sprint_one_cm":1116578,"minecraft:damage_blocked_by_shield":1060,"minecraft:drop":18,"minecraft:talked_to_villager":100,"minecraft:play_time":992876,"minecraft:deaths":16,"minecraft:jump":4512,"minecraft:walk_on_water_one_cm":121692,"minecraft:interact_with_furnace":9,"minecraft:traded_with_villager":7,"minecraft:interact_with_cartography_table":2,"minecraft:sleep_in_bed":14,"minecraft:waystone_activated":9,"minecraft:open_enderchest":3,"minecraft:damage_dealt":10399,"minecraft:player_kills":1,"minecraft:crouch_one_cm":9182,"minecraft:interact_with_smoker":11,"minecraft:use_cauldron":3,"minecraft:inspect_dispenser":2,"minecraft:horse_one_cm":3599,"minecraft:interact_with_smithing_table":2,"minecraft:mob_kills":83,"minecraft:interact_with_anvil":1,"minecraft:inspect_hopper":9,"minecraft:damage_dealt_resisted":573,"minecraft:climb_one_cm":18347,"minecraft:walk_one_cm":5408994,"minecraft:damage_dealt_absorbed":361,"minecraft:target_hit":223,"minecraft:sneak_time":5530,"minecraft:walk_under_water_one_cm":141367,"minecraft:boat_one_cm":45954,"minecraft:interact_with_lectern":23,"minecraft:interact_with_blast_furnace":2,"minecraft:total_world_time":1085547,"spartanshields:shield_bash_hits":2,"minecraft:time_since_rest":1936,"minecraft:damage_taken":7355,"minecraft:trigger_trapped_chest":25,"minecraft:minecart_one_cm":61965,"minecraft:swim_one_cm":51072,"minecraft:fly_one_cm":2006799,"minecraft:open_chest":205,"minecraft:aviate_one_cm":20333,"minecraft:fish_caught":1,"minecraft:fall_one_cm":77840},"minecraft:crafted":{"minecraft:oak_planks":12,"minecraft:dark_oak_door":3,"croptopia:flour":1,"minecraft:chest":4,"minecraft:emerald":3,"minecraft:crafting_table":3,"minecraft:hay_block":51,"minecraft:birch_planks":36,"minecraft:dark_oak_slab":6,"minecraft:paper":1,"minecraft:shield":1,"minecraft:stick":8,"minecraft:iron_ingot":1,"comforts:sleeping_bag_white":2,"duneons:dungeonbarrel":1,"minecraft:furnace":1,"iwannaskate:skateboard_wheels_enderpearl":2,"minecraft:dark_oak_fence":3,"minecraft:leather":7,"iwannaskate:skateboard":1,"minecraft:spruce_boat":1,"minecraft:dark_oak_planks":44,"iwannaskate:skateboard_deck":1,"minecraft:stone_axe":1,"minecraft:bread":2,"iwannaskate:skateboard_truck":2,"minecraft:white_bed":1,"minecraft:torch":8},"minecraft:mined":{"duneons:swampdirt":1,"orcz:orcamanita":1,"minecraft:spruce_planks":7,"minecraft:mossy_stone_brick_slab":1,"minecraft:cave_vines_plant":22,"minecraft:grass_block":10,"duneons:inventorytable":1,"duneons:dungeonbarrel":2,"duneons:coinsstage_1":5,"minecraft:spawner":4,"minecraft:tall_seagrass":2,"duneons:charredgrassblock":1,"minecraft:iron_ore":6,"duneons:outpostbricks":2,"minecraft:cave_vines":43,"duneons:brickevil":1,"minecraft:birch_wall_sign":3,"duneons:urn_loot_big_red":1,"duneons:iceshoom":1,"duneons:swampgrassside":1,"minecraft:potted_brown_mushroom":1,"minecraft:blackstone":1,"duneons:loot_biggreen":1,"minecraft:powder_snow":1,"minecraft:torch":2,"minecraft:chest":1,"duneons:azure_crystal":1,"minecraft:oak_planks":5,"minecraft:wall_torch":3,"minecraft:seagrass":1,"minecraft:dark_oak_door":1,"duneons:highblockhallsdoor":1,"minecraft:birch_log":16,"duneons:ravagergatewood_3":1,"minecraft:wheat":110,"duneons:wood_stronghold":3,"minecraft:stone_brick_stairs":2,"minecraft:grass":23,"duneons:shopkeeperleather":1,"minecraft:oak_log":13,"duneons:andesitehighlandstone":1,"minecraft:dirt":14,"minecraft:tripwire_hook":1,"duneons:redstonedusts":1,"minecraft:netherrack":5,"minecraft:deepslate":1,"duneons:golden_barley":112,"duneons:highlandbars":3,"duneons:greenlongvase":1,"minecraft:dark_oak_log":11,"minecraft:cyan_stained_glass":4,"minecraft:ladder":1,"duneons:highlandtallgrass":2,"minecraft:spruce_leaves":5,"minecraft:hay_block":27,"duneons:anvilwithhammer":1,"minecraft:peony":1,"duneons:shieldmobspawner":1,"minecraft:mossy_stone_brick_stairs":1,"duneons:pattern":1,"duneons:cobwebdig":5,"minecraft:vine":20,"minecraft:stone":26,"minecraft:green_wool":1,"duneons:soggyswamobricks":4,"minecraft:stone_brick_slab":2,"duneons:coins":4,"duneons:bluevase":1,"minecraft:lectern":1,"minecraft:tall_grass":24,"minecraft:copper_ore":1,"minecraft:deepslate_gold_ore":1,"minecraft:ice":13,"minecraft:pink_wall_banner":1,"minecraft:spruce_log":14,"minecraft:coal_ore":36,"minecraft:dark_oak_button":1,"minecraft:gravel":7,"minecraft:cracked_stone_bricks":1,"minecraft:stone_bricks":2,"duneons:coinsstage_2":2},"minecraft:dropped":{"minecraft:glass_bottle":1,"minecraft:red_carpet":1,"minecraft:emerald":10,"relics:holy_locket":2,"minecraft:iron_pickaxe":1,"minecraft:emerald_block":1,"minecraft:rotten_flesh":4,"minecraft:chest":1,"duneons:tripleaxe":1,"lightmanscurrency:coin_emerald":2,"moa_decor_bath:c_tverdes":1,"minecraft:apple":1,"minecraft:stick":1,"minecraft:bricks":1,"sophisticatedbackpacks:backpack":1,"minecraft:shroomlight":1,"sophisticatedbackpacks:copper_backpack":1},"minecraft:killed_by":{"minecraft:creeper":1,"sons_of_sins:betrayed_guzzler":1,"minecraft:zombie":3,"duneons:wickedwraith":5},"minecraft:used":{"minecraft:writable_book":4,"minecraft:light_blue_stained_glass_pane":2,"duneons:dungeonbarrel":3,"minecraft:red_sand":2,"duneons:lamppostdown":1,"minecraft:light_gray_stained_glass_pane":13,"moa_decor_bath:esp_nder":1,"duneons:ravagergatewood_3":2,"minecraft:chest":4,"minecraft:shield":24,"minecraft:stone":156,"minecraft:iron_sword":156,"lightmanscurrency:vending_machine_large":1,"duneons:ravager_gatewood":1,"minecraft:quartz_stairs":33,"minecraft:bell":1,"yuushya:ceiling_vine_flowering":1,"moa_decor_bath:inodoro":4,"yuushya:oak_tall_door":1,"smallships:jungle_brigg":1,"duneons:outpostbricks":2,"minecraft:snowball":427,"minecraft:milk_bucket":1,"moa_decor_bath:portapapelhigienico":2,"minecraft:spruce_boat":2,"minecraft:glass":4,"minecraft:bricks":32,"minecraft:quartz_pillar":9,"minecraft:quartz_slab":1,"yuushya:potted_cornflower":1,"minecraft:grass_block":1,"duneons:crystalblue":1,"minecraft:quartz_block":110,"luphieclutteredmod:luphie_antique_lamp":3,"minecraft:dark_oak_button":1,"minecraft:red_carpet":6,"minecraft:bow":66,"minecraft:written_book":2,"minecraft:furnace":1,"minecraft:acacia_fence":1,"lightmanscurrency:display_case":10,"yuushya:mounted_oak_sprout":1,"securitycraft:reinforced_stone_button":3,"minecraft:lime_glazed_terracotta":1,"minecraft:mossy_stone_bricks":1,"minecraft:brick_wall":2,"duneons:andesitehighlandstone":1,"minecraft:infested_stone":1,"duneons:housecarpet":3,"minecraft:jungle_fence":1,"minecraft:oak_planks":171,"minecraft:mossy_stone_brick_stairs":10,"fantasyfurniture:nordic/desk_left":1,"minecraft:redstone_block":2,"duneons:rapier":328,"minecraft:smooth_quartz_stairs":10,"moa_decor_bath:c_trojas":1,"duneons:strengthenironpickaxe":58,"duneons:brickevil":1,"fantasyfurniture:dunmer/bed_double":1,"cwsr:cyan_sword":1,"luphieclutteredmod:stainedglasslamp":1,"minecraft:end_stone":2,"moa_decor_bath:toallanaranjacolg":2,"minecraft:redstone_torch":3,"minecraft:sticky_piston":1,"waystones:waystone":5,"lightmanscurrency:atm":2,"duneons:tripleaxe":33,"moa_decor_bath:c_tverdes":1,"minecraft:stone_button":2,"minecraft:lectern":1,"minecraft:gravel":6,"minecraft:flowering_azalea_leaves":92,"moa_decor_bath:regadera":2,"minecraft:air":1,"minecraft:white_concrete":103,"minecraft:coarse_dirt":16,"duneons:rainbowcarpet":2,"minecraft:diorite_slab":11,"duneons:deserttemplebricksandwooden":5,"minecraft:iron_bars":1,"duneons:greenslightlayer_1_helmet":1,"moa_decor_bath:llavesderegadera":1,"securitycraft:keypad_chest":4,"minecraft:redstone":1,"minecraft:spruce_planks":5,"securitycraft:keypad_door_item":1,"minecraft:torch":21,"duneons:redgoldvangardcarpet":3,"minecraft:dirt":34,"yuushya:modern_lamp_2":1,"minecraft:anvil":1,"duneons:highlandlampwood":1,"luphieclutteredmod:luphie_key":2,"minecraft:jungle_trapdoor":2,"minecraft:warped_pressure_plate":2,"moa_decor_lights:vt_nacacia":1,"minecraft:shroomlight":6,"minecraft:birch_door":1,"yuushya:hanging_sakura_sprout":5,"yuushya:butterfly_magenta":1,"iwannaskate:skateboard":1,"minecraft:bookshelf":12,"moa_decor_art:pelgrito":33,"minecraft:light_gray_stained_glass":2,"minecraft:brick_stairs":2,"minecraft:slime_block":2,"minecraft:smooth_sandstone":10,"duneons:shopkeeperleather":1,"duneons:ravagergateiron":1,"minecraft:smooth_quartz":3,"luphieclutteredmod:luphie_lunar_observatory_books":1,"moa_decor_bath:bacaciasc":2,"moa_decor_bath:esp_nizq":1,"minecraft:gray_glazed_terracotta":4,"minecraft:minecart":2,"minecraft:acacia_wood":2,"comforts:sleeping_bag_white":8,"minecraft:water_bucket":19,"minecraft:birch_planks":5,"minecraft:glass_bottle":2,"minecraft:baked_potato":1,"minecraft:pink_banner":1,"minecraft:andesite_slab":1,"securitycraft:scanner_door_item":2,"luphieclutteredmod:luphie_darkwood_souther_flair_bed":3,"minecraft:crafting_table":3,"minecraft:birch_sign":3,"minecraft:white_bed":1,"minecraft:painting":3,"minecraft:dark_oak_door":2,"moa_decor_bath:esp_n":5,"minecraft:oak_log":8,"moa_decor_bath:mingitorio":2,"minecraft:light":2,"minecraft:apple":121,"minecraft:mangrove_pressure_plate":2,"minecraft:command_block":1,"moa_decor_bath:esp_ncent":1,"waystones:mossy_waystone":3,"minecraft:iron_pickaxe":115,"minecraft:stone_slab":2,"minecraft:acacia_fence_gate":3,"minecraft:stone_axe":25,"minecraft:pink_petals":57,"minecraft:blue_carpet":39,"minecraft:fishing_rod":2,"minecraft:cobblestone":6,"minecraft:cooked_porkchop":1,"minecraft:bucket":18,"duneons:abyssal_doorcoloonexit_2":1,"yuushya:hanging_oak_sprout":1,"moa_decor_bath:lavaboconpedestal":2,"minecraft:smooth_stone":12,"minecraft:birch_stairs":1},"minecraft:killed":{"minecraft:cave_spider":1,"minecraft:spider":7,"minecraft:skeleton":7,"minecraft:guardian":1,"minecraft:chicken":1,"minecraft:creeper":7,"duneons:mountaineer":3,"minecraft:sheep":14,"minecraft:pillager":4,"minecraft:zombie":20,"duneons:babykeyblue":1,"minecraft:drowned":4,"duneons:frozenzombie":5,"minecraft:wandering_trader":1,"sons_of_sins:betrayed_guzzler":2,"minecraft:wither_skeleton":3,"minecraft:villager":1,"minecraft:enderman":1},"minecraft:picked_up":{"minecraft:wheat":593,"minecraft:prismarine_shard":1,"minecraft:flower_pot":1,"minecraft:lead":2,"minecraft:stone_brick_stairs":2,"duneons:highblockhallsdoor":1,"duneons:coin":67,"minecraft:string":6,"minecraft:raw_copper":3,"minecraft:shroomlight":1,"minecraft:red_sand":1,"minecraft:cobbled_deepslate":1,"comforts:sleeping_bag_white":7,"minecraft:spruce_planks":15,"minecraft:azalea":2,"minecraft:iron_pickaxe":1,"minecraft:dark_oak_door":1,"minecraft:stick":13,"minecraft:torch":12,"duneons:greenlongvase":1,"minecraft:golden_chestplate":1,"minecraft:rotten_flesh":27,"duneons:inventorytable":1,"minecraft:green_wool":1,"minecraft:cod":1,"duneons:darkoakwoodstronghold":5,"minecraft:cobblestone":23,"minecraft:birch_log":15,"minecraft:pink_petals":19,"duneons:crystalblue":1,"minecraft:feather":2,"relics:holy_locket":2,"minecraft:potato":3,"duneons:swampdirt":2,"minecraft:dirt":35,"minecraft:bone":12,"minecraft:bow":1,"minecraft:wheat_seeds":304,"minecraft:pink_banner":2,"minecraft:raw_gold":1,"duneons:iceshoom":1,"croptopia:bellpepper":1,"iwannaskate:skateboard":1,"duneons:full_plate_spooky_helmet":1,"minecraft:oak_planks":5,"minecraft:mossy_stone_brick_stairs":1,"duneons:anvilwithhammer":1,"minecraft:cooked_porkchop":1,"duneons:full_plate_spooky_chestplate":1,"moa_decor_bath:c_tverdes":1,"minecraft:dark_oak_log":11,"sons_of_sins:flesh_of_demise":2,"minecraft:spruce_boat":1,"minecraft:writable_book":1,"duneons:rapier":2,"duneons:ravagergatewood_3":1,"minecraft:golden_apple":1,"minecraft:bricks":1,"duneons:brickevil":1,"minecraft:cocoa_beans":1,"minecraft:coarse_dirt":20,"duneons:shopkeeperleather":1,"minecraft:chicken":1,"minecraft:ladder":1,"duneons:swamplog":1,"duneons:andesitehighlandstone":1,"minecraft:brown_mushroom":1,"duneons:outpostbricks":2,"minecraft:moss_carpet":2,"croptopia:bellpepper_seed":1,"minecraft:blue_orchid":4,"minecraft:poppy":1,"minecraft:lectern":1,"duneons:tripleaxe":2,"minecraft:chest":2,"minecraft:birch_sapling":5,"minecraft:spruce_trapdoor":1,"minecraft:egg":5,"minecraft:dark_oak_sapling":3,"minecraft:raw_iron":6,"minecraft:glow_item_frame":5,"sophisticatedbackpacks:backpack":1,"duneons:highlandbars":3,"minecraft:redstone":8,"duneons:dungeonbarrel":2,"minecraft:arrow":15,"minecraft:peony":1,"minecraft:hay_block":27,"sophisticatedbackpacks:copper_backpack":1,"minecraft:glow_berries":10,"minecraft:mutton":20,"minecraft:white_wool":14,"minecraft:tripwire_hook":1,"minecraft:filled_map":4,"minecraft:oak_log":13,"minecraft:gunpowder":8,"minecraft:paper":1,"duneons:charredgrassblock":1,"minecraft:red_carpet":1,"minecraft:apple":10,"minecraft:stone_bricks":2,"minecraft:iron_ingot":1,"duneons:swampfern":3,"minecraft:glass_bottle":1,"minecraft:flowering_azalea":8,"minecraft:stone_brick_slab":1,"minecraft:gravel":7,"orcz:orcamanita":1,"minecraft:spruce_sapling":4,"minecraft:spruce_log":14,"minecraft:mossy_stone_brick_slab":1,"minecraft:spider_eye":4,"duneons:wood_stronghold":2,"lightmanscurrency:coin_copper":6,"minecraft:firework_rocket":1,"croptopia:lemon":2,"minecraft:birch_sign":4,"minecraft:baked_potato":1,"duneons:cobwebdig":5,"minecraft:coal":40,"duneons:t_reedplanes":5}},"DataVersion":3465}