{"stats":{"minecraft:custom":{"minecraft:time_since_rest":2198,"minecraft:waystone_activated":5,"minecraft:sprint_one_cm":17076,"minecraft:damage_taken":2748,"minecraft:walk_one_cm":293658,"minecraft:mob_kills":7,"minecraft:drop":4,"minecraft:damage_dealt":1854,"minecraft:fly_one_cm":19376,"minecraft:open_chest":13,"minecraft:deaths":6,"minecraft:crouch_one_cm":202,"minecraft:play_time":75421,"minecraft:sneak_time":21,"minecraft:walk_under_water_one_cm":13802,"minecraft:boat_one_cm":60888,"minecraft:jump":823,"minecraft:leave_game":8,"minecraft:walk_on_water_one_cm":59368,"minecraft:time_since_death":2118,"minecraft:climb_one_cm":1679,"minecraft:total_world_time":75421,"minecraft:fall_one_cm":15126},"minecraft:mined":{"duneons:swampdirt":9,"minecraft:spruce_planks":9,"minecraft:ice":16,"duneons:wood_stronghold":13,"minecraft:grass":5,"minecraft:grass_block":2,"duneons:rug_3":1,"duneons:cobwebdig":2,"minecraft:oak_stairs":3,"minecraft:tall_grass":4,"duneons:fancyfence":1,"duneons:azure_crystal":1,"minecraft:sugar_cane":1,"minecraft:seagrass":1,"minecraft:wall_torch":1},"minecraft:dropped":{"minecraft:spruce_planks":7,"duneons:full_plate_spooky_helmet":1,"duneons:full_plate_spooky_chestplate":2},"minecraft:killed_by":{"minecraft:player":1,"minecraft:skeleton":1,"duneons:wickedwraith":3,"minecraft:zombie":1},"minecraft:used":{"duneons:wood_stronghold":9,"duneons:glaivespooky":60,"duneons:fancyfence_corner":1,"minecraft:oak_stairs":3,"minecraft:bread":17,"duneons:crystalblue":1,"duneons:windhole":1,"minecraft:spruce_planks":1,"minecraft:torch":1,"duneons:swampdirt":9,"minecraft:dirt":2,"minecraft:mutton":2,"duneons:full_plate_spooky_helmet":1,"duneons:mountaineeraxeiron":11},"minecraft:picked_up":{"duneons:dungeonscharreddirt":1,"duneons:crystalblue":1,"minecraft:torch":1,"minecraft:oak_stairs":3,"duneons:swampdirt":9,"duneons:full_plate_spooky_chestplate":1,"minecraft:dirt":10,"duneons:wood_stronghold":14,"lightmanscurrency:coin_copper":2,"duneons:rug_3":1,"minecraft:arrow":4,"minecraft:bone":5,"minecraft:bow":1,"minecraft:wheat_seeds":1,"minecraft:spruce_planks":8,"duneons:mountaineeraxeiron":1,"duneons:fancyfence_corner":1,"sophisticatedbackpacks:copper_backpack":1,"minecraft:sugar_cane":1,"duneons:cobwebdig":2,"lightmanscurrency:coin_iron":6,"minecraft:mutton":2,"minecraft:white_wool":1,"minecraft:ender_pearl":1},"minecraft:killed":{"minecraft:sheep":1,"minecraft:skeleton":2,"duneons:mountaineer":3}},"DataVersion":3465}